id;matricule;nom_agent;prenom;date_naiss;lieu_naiss;sexe;telephone;email
1;tandis que cependant tout à fait;responsable aujourd'hui bof;tant que glouglou loufoque;2024-06-05;afin de aux environs de;FEMME;16374;Venceslas_Martin@gmail.com
2;atchoum coin-coin étudier;concurrence;souple de façon à ce que pff;2024-06-04;aigre de manière à ce que;FEMME;16747;Serge.Barbier@yahoo.fr
3;autoriser rectorat;chut maigre communauté étudiante;percevoir;2024-06-05;charger comment à l'exception de;HOMME;12996;Leandre42@gmail.com
4;horrible rire;référer durant établir;bénéficier clac;2024-06-04;commissionnaire sauvage désagréable;HOMME;4913;Abraham_Jean@gmail.com
5;émérite;athlète novice;recommander rejoindre aïe;2024-06-05;communauté étudiante presser;FEMME;24640;Artemis_Bertrand@yahoo.fr
6;patientèle aussitôt que;apte extra;chut commis;2024-06-05;bof assez;HOMME;24688;Apollinaire_Breton58@gmail.com
7;d’autant que cependant;jeune enfant présidence pendant que;loin de ronron;2024-06-04;lectorat;FEMME;17020;Sigismond.Faure@yahoo.fr
8;puisque jusque ouah;partenaire;malgré hors de émouvoir;2024-06-05;outre;HOMME;27139;Quintia.Morin33@gmail.com
9;de façon à ce que;adorable croâ;lunatique;2024-06-05;vers ouille;HOMME;95;Eleuthere92@yahoo.fr
10;pourvu que;sitôt que;efficace;2024-06-04;sous incognito;HOMME;6730;Rebecca.Poirier@hotmail.fr
