id;nom;prenom;date_naiss;lieu_naiss;sexe;telephone;email;profil
1;dans la mesure où;adopter hé;2024-06-05;partager fonctionnaire;HOMME;13877;Hortense0@yahoo.fr;PROFESSIONNEL
2;prou groin groin de façon à ce que;en vérité de manière à;2024-06-05;pourrir même;FEMME;29571;Christodule_Dupont@yahoo.fr;ETUDIANT
3;tirer;embrasser vlan;2024-06-05;meuh blablabla personnel professionnel;FEMME;30144;Pepin.Clement@yahoo.fr;ETUDIANT
4;super envelopper blablabla;ouf rallier perplexe;2024-06-04;sitôt que croâ;FEMME;2358;Archibald.Perez@hotmail.fr;ELEVE
5;rapide communauté étudiante;à l'insu de séculaire étant donné que;2024-06-05;direction;FEMME;24905;Odette.Sanchez73@yahoo.fr;ELEVE
6;ranger;dans bof;2024-06-05;blablabla peu vroum;HOMME;25147;Alverede.Lambert@yahoo.fr;ELEVE
7;cyan brusque tant;auparavant édifier;2024-06-05;vlan avant;HOMME;30992;Xenophon_Roche@hotmail.fr;PROFESSIONNEL
8;autour euh;quoique dépendre;2024-06-05;vouh à condition que oups;FEMME;2488;Etienne_Fernandez@gmail.com;ELEVE
9;prestataire de services;clientèle cuicui hé;2024-06-05;snif direction tsoin-tsoin;FEMME;26239;Firmin.Lemoine@gmail.com;ELEVE
10;commis de cuisine;camarade;2024-06-04;partir;FEMME;14373;Normand.Colin43@yahoo.fr;ELEVE
