id;num_dossier;prenom;nom;nom_utilisateur;date_naiss;lieu_naiss;region_naiss;departement_naiss;type_piece;numero_piece;sexe;region_residence;dep_residence;adresse_residence;telephone_1;telephone_2;email;niveau_formation;specialite;intitule_diplome;diplome;diplome_content_type;annee_obtention;lieu_obtention;cv;cv_content_type;lettre_motivation;lettre_motivation_content_type;profession;autre_specialite;nom_competence;niveau_competence;intitule_experience;poste_occupe;date_debut;date_fin;nom_entreprise;mission
1;encore avant de;par rapport à;rire;depuis ressortir hystérique;2024-06-05;secours sur;ZIGINCHOR;RUFISQUE;CNI;14445;FEMME;DIOURBEL;NIORO;renouveler grrr;de façon à ce que;sitôt que triste;Amandin72@yahoo.fr;BTS1;STRUCTURE_METALLIQUE;pendant que devant;../fake-data/blob/hipster.png;image/png;2024-06-04;collègue;../fake-data/blob/hipster.png;image/png;../fake-data/blob/hipster.png;image/png;diététiste auparavant;collègue en;zzzz sus;DEBUTANT;lors de grâce à;toujours cependant de façon à;2024-06-05;2024-06-05;de crainte que;../fake-data/blob/hipster.txt
2;à défaut de  comment;quant à ramener clac;a;lâche;2024-06-05;quand derrière;KAFFRINE;FATICK;CNI;16329;HOMME;KAOLACK;BOUNKILING;près de par augmenter;toc-toc quoique;toujours;Rejeanne7@hotmail.fr;BT;ECONOMIE_GESTION_COMMERCE_LOGISTIQUE;ha;../fake-data/blob/hipster.png;image/png;2024-06-05;au-dessous de novice;../fake-data/blob/hipster.png;image/png;../fake-data/blob/hipster.png;image/png;oups hebdomadaire;avant-hier;aux alentours de dès que;EXPERT;au lieu de corps enseignant;lunatique un peu toc;2024-06-04;2024-06-05;plouf;../fake-data/blob/hipster.txt
3;spécialiste alors ailleurs;conseil municipal;areu areu beaucoup;loin de tic-tac;2024-06-04;rectorat hôte collègue;TAMBACOUNDA;MATAM;CNI;2960;FEMME;DIOURBEL;GOUDOMP;fusiller;rapporter;combien fourbe;Antide60@gmail.com;BAC;RESTAURATION_ET_HOTELLORIE;naguère perplexe;../fake-data/blob/hipster.png;image/png;2024-06-05;calculer;../fake-data/blob/hipster.png;image/png;../fake-data/blob/hipster.png;image/png;ailleurs comment;bè même si;rapide;INTERMEDIAIRE;vorace personnel;ouch perplexe;2024-06-04;2024-06-04;innombrable;../fake-data/blob/hipster.txt
4;perplexe détruire à raison de;après que;reprendre de crainte que sans;à la merci;2024-06-05;adversaire pendant que en bas de;DIOURBEL;VELINGARA;PASSEPORT;7883;HOMME;THIES;MALEM_HODAR;concurrence;jamais au point que;autrement quand;Fulbert_Leclerc@gmail.com;BEP2;ELECTROTECHNIQUE_ELECTRIQUE_ENERGETIQUE;prétendre à la faveur de;../fake-data/blob/hipster.png;image/png;2024-06-04;jeune enfant;../fake-data/blob/hipster.png;image/png;../fake-data/blob/hipster.png;image/png;pschitt gestionnaire;de sorte que bang camarade;jusque instituer;DEBUTANT;dans d'entre proche de;auparavant lors;2024-06-04;2024-06-05;insipide en dehors de;../fake-data/blob/hipster.txt
5;loin habiller;membre du personnel tsoin-tsoin pour;tandis que;sitôt que diététiste jeune;2024-06-04;vis-à-vie de pourvu que areu areu;KAFFRINE;GOSSAS;CNI;2746;HOMME;THIES;BOUNKILING;tic-tac orange refroidir;secours adepte tard;passablement ferme de crainte que;Sylvie.Fontaine@gmail.com;TROISIEME;HABILLEMENT;soit atchoum;../fake-data/blob/hipster.png;image/png;2024-06-05;triathlète à demi afin que;../fake-data/blob/hipster.png;image/png;../fake-data/blob/hipster.png;image/png;membre à vie;dans la mesure où membre à vie;infiniment biathlète fabriquer;EXPERT;apprendre éprouver;modifier aujourd'hui coordonner;2024-06-04;2024-06-05;paf;../fake-data/blob/hipster.txt
6;jusqu’à ce que bof;de peur de snob;raide après que;bzzz;2024-06-05;à l'exception de naguère;TAMBACOUNDA;KOLDA;PASSEPORT;6673;FEMME;KAOLACK;KAFFRINE;étant donné que pourvoir;pschitt ouille;coupable hormis exprimer;Jeanne_Berger@hotmail.fr;BEP1;INSDUSTRIE_CULTURELLE_ET_CREATIVE;ensuite concernant;../fake-data/blob/hipster.png;image/png;2024-06-04;au-dessous de horrible;../fake-data/blob/hipster.png;image/png;../fake-data/blob/hipster.png;image/png;innombrable sage;tandis que main-d’œuvre perplexe;en faveur de spécialiste amener;DEBUTANT;foule assez;amuser fonctionnaire;2024-06-04;2024-06-04;lectorat tarder;../fake-data/blob/hipster.txt
7;tellement;avaler;dormir quitte à juriste;conseil d’administration d'avec actionnaire;2024-06-05;géométrique vouloir assister;SAINT_LOUIS;SEDHIOU;PASSEPORT;8262;FEMME;KEDOUGOU;SALAMATA;pour que;de peur de;commis ha;Heloise36@hotmail.fr;BT1;AUTRES;de crainte que parce que;../fake-data/blob/hipster.png;image/png;2024-06-04;ouch pourvu que bè;../fake-data/blob/hipster.png;image/png;../fake-data/blob/hipster.png;image/png;efficace partenaire;vaste tant;blême;INTERMEDIAIRE;sitôt que adversaire;coac coac d’autant que;2024-06-05;2024-06-04;exploiter pendant dans;../fake-data/blob/hipster.txt
8;afin que administration;corps enseignant maigre;cadre retourner emprunter;agréable porte-parole pff;2024-06-05;de façon à ce que police;KAFFRINE;TIVAOUANE;PASSEPORT;22250;HOMME;KOLDA;GUEDIAWAYE;par commis de cuisine atchoum;au cas où au-dessus de;membre de l’équipe splendide rose;Augustine.Marchal@hotmail.fr;EQUIVALENT_BAC;ELECTROTECHNIQUE_ELECTRIQUE_ENERGETIQUE;puisque foule;../fake-data/blob/hipster.png;image/png;2024-06-05;intéresser lorsque euh;../fake-data/blob/hipster.png;image/png;../fake-data/blob/hipster.png;image/png;secours altruiste;dès que;avant-hier d’autant que;DEBUTANT;à l'insu de snif vouh;coin-coin redescendre;2024-06-05;2024-06-05;tromper;../fake-data/blob/hipster.txt
9;gens;entre-temps;lorsque sans que;assurément;2024-06-05;tenir à condition que donner;SAINT_LOUIS;MBOUR;CNI;3028;HOMME;MATAM;NIORO;psitt;ha;plus;Oger54@hotmail.fr;SECONDE;ARTISANAT;hors;../fake-data/blob/hipster.png;image/png;2024-06-04;en outre de brave juriste;../fake-data/blob/hipster.png;image/png;../fake-data/blob/hipster.png;image/png;puisque;étant donné que efficace hier;sans doute du fait que;INTERMEDIAIRE;de sorte que pourvu que;gens en dedans de;2024-06-05;2024-06-05;au cas où de la part de étudier;../fake-data/blob/hipster.txt
10;à peu près jusque;traîner;ah;dans la mesure où;2024-06-05;hors de d'entre;ZIGINCHOR;THIES;CNI;31405;HOMME;SEDHIOU;BIRKILANE;membre du personnel;tenir contre secours;en face de membre du personnel paf;Alain.Caron8@hotmail.fr;CQP;MINE_CARRIERES;crac juriste;../fake-data/blob/hipster.png;image/png;2024-06-05;même si oh boum;../fake-data/blob/hipster.png;image/png;../fake-data/blob/hipster.png;image/png;camarade;hésiter;marquer;INTERMEDIAIRE;attendrir comme déclarer;dès que;2024-06-05;2024-06-05;vlan;../fake-data/blob/hipster.txt
