id;profession;nom;prenom;date_naiss;lieu_naiss;sexe;telephone;adresse_physique;region_residence;depart_residence;email;cni
1;approuver ronron membre du personnel;auparavant;large;2024-06-04;tant débrouiller conseil d’administration;FEMME;2461;secouer de la part de spécialiste;AUTRE;DAGANA;Ursule_Bonnet93@yahoo.fr;32355
2;mairie;personnel professionnel actionnaire;dense sitôt que lors de;2024-06-05;d'entre;FEMME;29639;broum;LOUGA;KAOLOACK;Elisabeth.Girard53@yahoo.fr;11473
3;considérable;subito;smack tisser peu;2024-06-04;distinguer;HOMME;15106;détacher à raison de actionnaire;DAKAR;MALEM_HODAR;Hortense93@hotmail.fr;7293
4;quitte à clientèle drelin;entendre dans la mesure où psitt;mal moderne;2024-06-05;main-d’œuvre fourbe;FEMME;26346;en guise de diététiste;KAOLACK;BOUNKILING;Jude.Garnier38@yahoo.fr;28696
5;derrière manger diplomate;fermer corps enseignant;sincère;2024-06-05;patientèle;FEMME;20936;débile;KAOLACK;MALEM_HODAR;Maguelone.Roy86@gmail.com;62
6;communauté étudiante arriver;à travers bzzz;ressortir;2024-06-04;lors de présidence;HOMME;25120;dérouler depuis;THIES;KANELKANEL;Christophe.Berger@hotmail.fr;14886
7;adversaire depuis innombrable;tic-tac toc-toc pschitt;pisser;2024-06-05;de par alors que;FEMME;12011;emporter;THIES;MBACKE;Norbert40@yahoo.fr;27260
8;de crainte que;entre-temps;tic-tac personnel professionnel;2024-06-04;à travers premièrement;FEMME;15873;hebdomadaire loufoque corps enseignant;DIOURBEL;SARAYA;Martial_Michel@yahoo.fr;11719
9;efficace vanter;athlète;clocher personnel;2024-06-05;pourvu que;HOMME;10254;gestionnaire charitable;DAKAR;GOUDOMP;Irina.Martin@yahoo.fr;25555
10;parlementaire également d'abord;magenta de peur que;équilibrer tendre avant;2024-06-05;prévenir;FEMME;15080;valoir efficace afin de;KAOLACK;THIES;Carine43@hotmail.fr;357
